labs,delay
34.0,97.54853
34.0,92.14713
32.0,94.24202
28.0,90.30898
27.0,85.156105
31.0,97.840454
34.0,92.40292
33.0,92.03406
31.0,89.40584
25.0,85.39221
25.0,81.684685
33.0,88.07098
33.0,95.460175
35.0,96.04151
31.0,90.91711
31.0,90.83965
26.0,82.827866
35.0,100.1434
30.0,90.88126
34.0,97.55551
26.0,79.69354
35.0,99.1024
28.0,86.026596
28.0,85.2596
27.0,82.16804
33.0,97.27173
30.0,92.087654
34.0,100.51047
30.0,93.75436
35.0,95.0673
29.0,87.8917
35.0,93.55994
32.0,91.559906
30.0,95.092545
29.0,87.76869
26.0,86.84126
30.0,86.23332
25.0,78.5098
32.0,83.88934
30.0,87.09951
27.0,86.551414
27.0,83.234604
32.0,99.25885
28.0,85.70713
27.0,90.19289
34.0,96.21596
35.0,100.532555
31.0,93.327705
28.0,80.981544
28.0,87.00135
26.0,85.245384
28.0,89.337105
33.0,94.08929
33.0,97.766365
26.0,90.372375
28.0,83.72223
32.0,96.686584
27.0,86.47633
31.0,94.16809
31.0,94.80079
32.0,95.40937
26.0,81.46188
33.0,95.99068
28.0,80.328285
31.0,91.70559
27.0,84.69361
32.0,92.04584
27.0,86.277084
34.0,92.882416
32.0,93.44594
26.0,82.41286
30.0,87.31143
35.0,95.15705
25.0,79.20046
29.0,88.35272
31.0,93.92938
27.0,83.10051
29.0,90.00355
33.0,96.199585
27.0,85.241806
31.0,92.29433
35.0,94.02308
35.0,96.322395
27.0,86.318794
29.0,91.92854
27.0,88.21432
35.0,96.17089
25.0,81.02952
35.0,97.386345
35.0,100.4851
34.0,101.12969
34.0,92.619255
27.0,83.62401
26.0,82.7778
34.0,98.822235
27.0,85.947075
26.0,84.434296
33.0,91.33408
29.0,89.05212
33.0,97.82652
27.0,94.25846
29.0,92.222145
34.0,97.23069
34.0,94.72922
28.0,84.0679
32.0,92.05619
26.0,82.962654
25.0,84.14564
30.0,89.24912
27.0,86.31828
25.0,80.97952
26.0,87.65586
30.0,92.83956
35.0,103.266556
35.0,93.599335
35.0,96.77392
29.0,96.95439
25.0,83.55312
34.0,94.915726
28.0,89.59565
35.0,93.42107
31.0,86.60359
33.0,93.27027
30.0,86.46323
31.0,89.213264
34.0,91.2115
35.0,102.10835
26.0,82.76434
29.0,87.17094
35.0,96.7538
30.0,88.86657
26.0,81.697334
28.0,89.87963
28.0,89.54438
31.0,92.95289
31.0,97.76937
29.0,86.5495
35.0,101.79978
34.0,94.764534
28.0,91.56398
33.0,93.8125
25.0,80.699776
27.0,83.2451
25.0,89.461525
30.0,93.027855
33.0,91.704254
27.0,87.85443
30.0,85.92612
30.0,86.3142
28.0,88.23246
29.0,86.96469
25.0,84.547745
32.0,89.6102
32.0,91.508224
35.0,96.64287
34.0,92.6856
30.0,91.334946
33.0,91.44553
26.0,90.07507
29.0,89.95422
30.0,88.299774
27.0,89.557594
25.0,79.6581
32.0,96.90669
26.0,85.056984
32.0,92.240746
34.0,102.69643
32.0,95.01922
26.0,84.7197
27.0,87.478905
31.0,92.33707
28.0,81.89668
29.0,82.701744
34.0,95.99049
33.0,94.356186
35.0,97.34352
34.0,93.827705
33.0,91.94618
32.0,90.26024
35.0,96.66174
27.0,80.639435
26.0,85.21085
35.0,94.60732
32.0,89.946884
28.0,87.28626
26.0,81.08679
29.0,85.87886
29.0,84.78762
29.0,92.64095
34.0,93.92694
34.0,94.23231
31.0,94.941246
26.0,85.59532
26.0,78.13425
28.0,92.74682
33.0,96.62762
25.0,82.92968
32.0,91.33369
25.0,83.65733
31.0,84.043755
32.0,92.69303
33.0,97.324554
25.0,82.05109
35.0,90.94297
29.0,89.30901
31.0,93.789955
35.0,94.46167
33.0,94.20741
34.0,95.12232
34.0,100.16778
33.0,84.87296
25.0,82.86542
31.0,92.34667
28.0,83.46237
28.0,83.97783
32.0,94.99161
25.0,82.915794
26.0,85.05249
31.0,89.22656
29.0,93.270676
33.0,95.46511
26.0,83.21206
31.0,87.50104
26.0,86.607544
30.0,89.21748
34.0,96.35734
31.0,91.5834
30.0,90.07786
34.0,95.79105
33.0,95.39497
28.0,79.641945
31.0,88.5358
28.0,85.028824
27.0,81.45044
26.0,83.08211
35.0,96.27941
27.0,87.119415
27.0,85.85201
32.0,92.75489
35.0,105.84625
26.0,86.24942
25.0,80.36061
31.0,89.37189
31.0,89.70725
28.0,85.48546
28.0,85.49578
34.0,99.65363
26.0,84.547554
34.0,100.47895
25.0,79.02894
35.0,97.57804
31.0,93.16314
28.0,83.457375
29.0,90.37277
28.0,85.513084
35.0,97.76737
27.0,80.86274
27.0,87.90566
27.0,82.19771
26.0,84.14851
25.0,80.96756
31.0,88.75217
30.0,92.363914
27.0,82.822495
30.0,89.872665
29.0,90.80882
32.0,88.45938
32.0,92.11129
28.0,83.24207
27.0,86.52009
27.0,84.55609
25.0,85.652916
25.0,78.72713
27.0,84.9988
31.0,91.55668
26.0,81.49846
30.0,91.34211
26.0,84.76561
34.0,100.59621
29.0,91.98708
35.0,98.69265
31.0,93.73199
33.0,93.71793
35.0,98.74362
28.0,81.29782
27.0,87.33277
34.0,90.988625
30.0,90.89989
26.0,79.18457
29.0,91.41815
35.0,99.16784
27.0,89.92899
30.0,86.848785
25.0,83.48407
34.0,94.43335
26.0,84.50693
25.0,82.18572
28.0,86.54448
30.0,88.53705
31.0,92.38552
